model_name,r.squared,adj.r.squared,AIC,BIC,nobs
Model A Full,0.2105751606502039,0.19452994033821625,-524.8590879446493,-500.1530843320694,252
Model B Full,0.20971419918074352,0.19365147965189689,-524.584401801163,-499.8783981885831,252
Model A Restricted,0.2552294619347382,0.24321703390142746,-392.87358825477145,-376.638467893969,190
Model B Restricted,0.25335718703507093,0.24131456101950755,-392.39654757713015,-376.1614272163277,190
