term,estimate,std.error,statistic,p.value,model_name
(Intercept),0.25955983039959796,0.034943534434520224,7.4279787262499255,3.865886107466261e-12,Model A Restricted
total_aav_spent,-7.517856282262181e-10,1.0989933289291385e-9,-0.6840675083612743,0.49478392405550187,Model A Restricted
prior_season_points_pct,-0.45898383983344826,0.057535872091124284,-7.977350879578533,1.484824022552159e-13,Model A Restricted
cap_ceiling_change,-3.859993905782943e-10,2.627346891589623e-9,-0.14691603602627182,0.8833574145316652,Model A Restricted
