quartile,quartile_label,points_pct_min,points_pct_max,mean_change,sd_change,team_count,moved_predicted_direction_pct
1,Q1 Bottom 25%,0.274648,0.482143,0.04705430158730158,0.09010791548231968,63,74.60317460317461
2,Q2 Lower mid,0.487805,0.567073,0.021374723075610173,0.09013162835731801,63,7.936507936507936
3,Q3 Upper mid,0.567073,0.634146,-0.024419571428571422,0.08987239059170621,63,11.11111111111111
4,Q4 Top 25%,0.634146,0.823171,-0.04746725396825397,0.07483578017231446,63,76.19047619047619
